email,first_name,last_name,title,department,room
gpezey0@soup.io,Gussy,Pezey,Staff Scientist,Support,71
edunthorn1@hexun.com,Ezmeralda,Dunthorn,Assistant Professor,Support,5
mbredee2@mail.ru,Megen,Bredee,VP Accounting,Human Resources,78
bglowacz3@goodreads.com,Bengt,Glowacz,Accountant I,Legal,85
skennler4@wunderground.com,Stacia,Kennler,Help Desk Technician,Accounting,40
nboldison5@hostgator.com,Nathalie,Boldison,Payment Adjustment Coordinator,Sales,36
mwenderoth6@intel.com,Manon,Wenderoth,Nurse Practicioner,Research and Development,83
jstuer7@usgs.gov,Josias,Stuer,Sales Associate,Marketing,27
dtuddenham8@techcrunch.com,Dulcinea,Tuddenham,Desktop Support Technician,Legal,92
cprandin9@alibaba.com,Celina,Prandin,Internal Auditor,Sales,8
jparlota@discuz.net,Justinian,Parlot,Accounting Assistant II,Training,43
agautreyb@time.com,Ashia,Gautrey,Structural Engineer,Legal,27
etropmanc@yahoo.com,Emmy,Tropman,Sales Associate,Product Management,24
ocosynsd@tiny.cc,Olivero,Cosyns,Media Manager III,Human Resources,50
rblincowe@blogspot.com,Ruby,Blincow,Developer III,Product Management,43
ddewdneyf@europa.eu,Dav,Dewdney,Accounting Assistant II,Support,75
rashwellg@yale.edu,Roseanna,Ashwell,Senior Quality Engineer,Legal,79
oackermannh@bluehost.com,Othella,Ackermann,Operator,Product Management,35
rmurnamei@springer.com,Rurik,Murname,Recruiter,Accounting,91
pclimoj@gizmodo.com,Phillipp,Climo,Senior Sales Associate,Legal,15
pdowglassk@fc2.com,Pier,Dowglass,Technical Writer,Support,44
mboardl@merriam-webster.com,Marybelle,Board,Occupational Therapist,Business Development,75
dpaolinim@foxnews.com,Dougie,Paolini,Biostatistician IV,Research and Development,95
bdasentn@ow.ly,Bonnibelle,Dasent,Desktop Support Technician,Training,87
kjaulmeo@tmall.com,Kaine,Jaulme,Research Assistant I,Support,75
mnijssenp@aboutads.info,Marabel,Nijssen,Senior Financial Analyst,Training,20
mtraiteq@cyberchimps.com,Minni,Traite,Structural Engineer,Business Development,45
firemongerr@google.de,Fax,Iremonger,Budget/Accounting Analyst IV,Accounting,28
skittleys@oracle.com,Sarita,Kittley,Database Administrator I,Human Resources,92
gflarityt@ucsd.edu,Gareth,Flarity,VP Quality Control,Product Management,88
mantwisu@ucoz.ru,Melodie,Antwis,Sales Associate,Marketing,73
hantowskiv@mail.ru,Harriott,Antowski,Environmental Specialist,Services,85
lrodgersonw@army.mil,Lorianna,Rodgerson,Payment Adjustment Coordinator,Human Resources,40
gbenaharonx@issuu.com,Gran,Ben-Aharon,Analog Circuit Design manager,Human Resources,13
mmenlowy@tinyurl.com,Merissa,Menlow,Systems Administrator III,Business Development,59
lhesserz@moonfruit.com,Laurella,Hesser,Statistician IV,Sales,77
cberney10@joomla.org,Currie,Berney,Sales Associate,Legal,97
mcocher11@addthis.com,Monika,Cocher,VP Accounting,Human Resources,21
fjacobovitz12@edublogs.org,Freedman,Jacobovitz,Assistant Manager,Business Development,67
tbickerstasse13@ucoz.com,Thomasine,Bickerstasse,Budget/Accounting Analyst II,Support,35
ccreus14@toplist.cz,Clari,Creus,Systems Administrator I,Sales,54
ksessions15@walmart.com,Kessia,Sessions,Actuary,Services,19
smacghee16@dmoz.org,Sharyl,MacGhee,Quality Engineer,Services,56
ghagergham17@mediafire.com,Garrett,Hagergham,Account Representative I,Sales,79
kherche18@indiegogo.com,Kizzee,Herche,VP Sales,Support,57
tisherwood19@reverbnation.com,Thebault,Isherwood,Quality Engineer,Business Development,15
kdudleston1a@statcounter.com,Kimberley,Dudleston,Design Engineer,Legal,16
csivyer1b@wordpress.org,Claudian,Sivyer,Occupational Therapist,Product Management,18
tdoohey1c@omniture.com,Terrijo,Doohey,Junior Executive,Human Resources,73
mbritto1d@ebay.co.uk,Merralee,Britto,Sales Associate,Engineering,63
mtemperley1e@linkedin.com,Michele,Temperley,General Manager,Human Resources,28
nblayney1f@hhs.gov,Nomi,Blayney,Civil Engineer,Business Development,95
jdiviny1g@yellowpages.com,Jorgan,Diviny,Graphic Designer,Human Resources,2
sperrottet1h@ifeng.com,Shell,Perrottet,Recruiter,Engineering,59
arowdell1i@mac.com,Ally,Rowdell,VP Marketing,Services,67
jeayres1j@yahoo.com,Jameson,Eayres,Analog Circuit Design manager,Services,25
pniccols1k@accuweather.com,Puff,Niccols,Quality Control Specialist,Legal,62
fgavrielly1l@un.org,Fionna,Gavrielly,Internal Auditor,Marketing,10
mwinskill1m@imgur.com,Meg,Winskill,Systems Administrator III,Support,52
pivan1n@jugem.jp,Petrina,Ivan,Health Coach IV,Engineering,93
mcasarino1o@timesonline.co.uk,Missy,Casarino,Senior Editor,Business Development,24
azoellner1p@zimbio.com,Arline,Zoellner,Assistant Manager,Services,78
mduffan1q@berkeley.edu,Munmro,Duffan,Mechanical Systems Engineer,Business Development,44
bmeugens1r@oakley.com,Bealle,Meugens,Cost Accountant,Accounting,54
lminot1s@usatoday.com,Lorena,Minot,Sales Representative,Sales,30
jsculpher1t@jalbum.net,Josy,Sculpher,Speech Pathologist,Product Management,36
tperkis1u@wisc.edu,Tab,Perkis,Staff Scientist,Business Development,24
eackenson1v@quantcast.com,Evangelina,Ackenson,Desktop Support Technician,Marketing,54
wfrancis1w@army.mil,Wald,Francis,Programmer Analyst I,Training,9
sethridge1x@msu.edu,Starr,Ethridge,Project Manager,Sales,22
nohannigan1y@1688.com,Nadiya,O'Hannigan,Environmental Tech,Services,45
mnajafian1z@mlb.com,Meaghan,Najafian,Food Chemist,Accounting,95
emacsweeney20@ehow.com,Elysee,MacSweeney,Accounting Assistant IV,Sales,40
mpimblotte21@macromedia.com,Mal,Pimblotte,Technical Writer,Marketing,83
smatitiaho22@china.com.cn,Say,Matitiaho,Food Chemist,Marketing,39
granking23@pagesperso-orange.fr,Giordano,Ranking,Chief Design Engineer,Support,50
akennally24@java.com,Annora,Kennally,Budget/Accounting Analyst II,Product Management,83
ahentze25@bbc.co.uk,Almira,Hentze,Safety Technician I,Product Management,40
walbon26@privacy.gov.au,Wilhelm,Albon,Electrical Engineer,Research and Development,14
aschuricht27@chronoengine.com,Audi,Schuricht,Paralegal,Product Management,10
hmcfade28@sogou.com,Hamnet,McFade,Statistician I,Engineering,31
bmattson29@reference.com,Bunnie,Mattson,Sales Representative,Engineering,78
mbeumant2a@nih.gov,Melvin,Beumant,Operator,Engineering,1
wsallings2b@globo.com,Walt,Sallings,Assistant Manager,Human Resources,19
cantonacci2c@eepurl.com,Carlo,Antonacci,Senior Editor,Sales,44
cfruchon2d@nba.com,Carlye,Fruchon,VP Marketing,Human Resources,11
rodreain2e@photobucket.com,Rustie,O'Dreain,Programmer I,Services,92
vlente2f@biglobe.ne.jp,Vilhelmina,Lente,Electrical Engineer,Marketing,58
abangley2g@marketwatch.com,Aurilia,Bangley,Software Engineer II,Support,28
gfaye2h@huffingtonpost.com,Gage,Faye,Tax Accountant,Human Resources,58
alillecrap2i@google.com,Auria,Lillecrap,Senior Editor,Business Development,66
jmcgonagle2j@cdc.gov,Joachim,McGonagle,Sales Associate,Accounting,96
evinall2k@amazon.com,Emanuel,Vinall,Senior Cost Accountant,Business Development,2
ggoutcher2l@tinypic.com,Glenn,Goutcher,Structural Engineer,Human Resources,17
pmchardy2m@amazon.co.jp,Pauly,McHardy,Social Worker,Marketing,28
cdibdale2n@slideshare.net,Coretta,Dibdale,Sales Representative,Legal,9
lrudall2o@forbes.com,Lay,Rudall,Engineer IV,Legal,42
afullun2p@goo.ne.jp,Allyce,Fullun,Statistician II,Human Resources,13
qjenny2q@state.tx.us,Quinn,Jenny,Administrative Officer,Support,58
ydionisetto2r@who.int,Yehudit,Dionisetto,Biostatistician I,Accounting,98
dgarham2s@redcross.org,Danny,Garham,Accounting Assistant IV,Services,83
hpursehouse2t@wiley.com,Helaina,Pursehouse,Senior Sales Associate,Accounting,63
gellar2u@aol.com,Giuditta,Ellar,Financial Analyst,Services,94
geakley2v@cbsnews.com,Grannie,Eakley,Research Nurse,Marketing,4
bgravells2w@umich.edu,Boonie,Gravells,Clinical Specialist,Marketing,78
sdahlen2x@dyndns.org,Susan,Dahlen,Pharmacist,Accounting,82
jbayless2y@goodreads.com,Julita,Bayless,Nurse Practicioner,Training,4
cbassilashvili2z@nifty.com,Corella,Bassilashvili,VP Marketing,Engineering,37
jmazey30@wiley.com,Joni,Mazey,Engineer IV,Human Resources,91
fpickover31@time.com,Faythe,Pickover,Electrical Engineer,Research and Development,41
itabor32@nymag.com,Ilsa,Tabor,Business Systems Development Analyst,Support,54
jboreham33@va.gov,Jerri,Boreham,Statistician II,Research and Development,45
wmaccumeskey34@rambler.ru,Woodman,MacCumeskey,Physical Therapy Assistant,Legal,19
gblench35@psu.edu,Gregor,Blench,Marketing Assistant,Product Management,96
rirwin36@irs.gov,Ruprecht,Irwin,Design Engineer,Research and Development,71
thellewell37@4shared.com,Tymothy,Hellewell,Marketing Assistant,Accounting,15
mleverett38@mayoclinic.com,Mead,Leverett,Chemical Engineer,Product Management,18
bdorricott39@irs.gov,Berna,Dorricott,GIS Technical Architect,Product Management,4
jpitkin3a@mozilla.org,Jaclyn,Pitkin,Paralegal,Research and Development,14
fcanape3b@drupal.org,Francoise,Canape,VP Accounting,Services,66
eroback3c@dedecms.com,Even,Roback,Accountant III,Engineering,36
lblaker3d@netvibes.com,Leese,Blaker,Accountant II,Support,78
azavattieri3e@virginia.edu,Anson,Zavattieri,Account Representative IV,Research and Development,51
mbierling3f@amazon.co.jp,Massimiliano,Bierling,Operator,Engineering,94
cbenbrick3g@mayoclinic.com,Chrystal,Benbrick,Executive Secretary,Accounting,19
mmcilvaney3h@hhs.gov,Marley,McIlvaney,Compensation Analyst,Business Development,12
vkasher3i@blogtalkradio.com,Vin,Kasher,Software Test Engineer III,Support,99
gwainscot3j@examiner.com,Guenevere,Wainscot,Accountant I,Research and Development,42
gtrematick3k@umich.edu,Gordon,Trematick,Analyst Programmer,Marketing,12
bdeniseau3l@freewebs.com,Brooks,Deniseau,Speech Pathologist,Sales,47
glove3m@flavors.me,Ginelle,Love,Staff Accountant III,Human Resources,6
spuzey3n@latimes.com,Sergeant,Puzey,Compensation Analyst,Legal,7
ihardwin3o@gov.uk,Ichabod,Hardwin,Tax Accountant,Marketing,31
rguerin3p@comcast.net,Ruth,Guerin,VP Quality Control,Research and Development,89
wmelody3q@joomla.org,Willard,Melody,Social Worker,Services,26
mrowlands3r@printfriendly.com,Matias,Rowlands,Teacher,Services,71
bbrewett3s@unc.edu,Bard,Brewett,Civil Engineer,Services,56
emacgoun3t@aol.com,Eduardo,MacGoun,Senior Quality Engineer,Product Management,31
bgarrow3u@dailymail.co.uk,Brandi,Garrow,Help Desk Technician,Training,35
kreadings3v@geocities.com,Kamillah,Readings,Media Manager III,Sales,96
glattos3w@microsoft.com,Gunther,Lattos,Help Desk Operator,Training,10
eegginton3x@comsenz.com,Englebert,Egginton,Environmental Tech,Human Resources,47
apyne3y@liveinternet.ru,Andrus,Pyne,Marketing Manager,Training,88
bwittey3z@tiny.cc,Burnard,Wittey,Nurse,Product Management,73
tmochan40@networkadvertising.org,Tammie,Mochan,Software Test Engineer I,Training,43
hsidsaff41@wp.com,Huntington,Sidsaff,Teacher,Human Resources,97
rtrenaman42@homestead.com,Roselia,Trenaman,Dental Hygienist,Business Development,65
gnield43@parallels.com,Gaile,Nield,Geologist I,Sales,31
ereoch44@wikispaces.com,Elva,Reoch,Speech Pathologist,Services,88
abache45@wordpress.org,Annice,Bache,Speech Pathologist,Legal,55
kallender46@dmoz.org,Kristian,Allender,Help Desk Technician,Human Resources,78
agrisdale47@abc.net.au,Andrus,Grisdale,Paralegal,Sales,100
ktheseira48@mapy.cz,Krysta,Theseira,Software Consultant,Accounting,39
kcollingridge49@google.co.jp,Kellina,Collingridge,Account Executive,Business Development,28
tfeechum4a@flavors.me,Thomasa,Feechum,Financial Analyst,Human Resources,21
rclericoates4b@google.fr,Reese,Clericoates,Marketing Manager,Support,59
jdraxford4c@twitter.com,Jakie,Draxford,Technical Writer,Engineering,34
ninstrell4d@hostgator.com,Nealon,Instrell,Analyst Programmer,Support,63
dlinacre4e@addtoany.com,Derrek,Linacre,Design Engineer,Human Resources,96
aiacovozzo4f@msn.com,Ad,Iacovozzo,Dental Hygienist,Accounting,90
avanderspohr4g@house.gov,Auberta,Van der Spohr,Research Assistant I,Accounting,66
rmoncreiff4h@springer.com,Rolfe,Moncreiff,Cost Accountant,Engineering,79
fdeverell4i@amazon.de,Fin,Deverell,Sales Representative,Product Management,95
stregona4j@nasa.gov,Sheelah,Tregona,Junior Executive,Legal,36
sconing4k@cisco.com,Steffane,Coning,Sales Representative,Accounting,74
hlossman4l@bizjournals.com,Henka,Lossman,Marketing Manager,Sales,41
hpalin4m@wisc.edu,Hailey,Palin,Director of Sales,Accounting,81
jstoeckle4n@pen.io,Jethro,Stoeckle,Financial Analyst,Research and Development,49
smathwen4o@businesswire.com,Skye,Mathwen,Chemical Engineer,Support,93
glamond4p@webs.com,Garrot,Lamond,Database Administrator I,Legal,41
wmewis4q@skyrock.com,Westley,Mewis,Accounting Assistant IV,Accounting,83
hwyne4r@fda.gov,Hedy,Wyne,Financial Analyst,Product Management,11
hmacgee4s@state.tx.us,Hadlee,MacGee,Media Manager II,Training,100
rdedney4t@tripadvisor.com,Remington,Dedney,Account Representative III,Marketing,58
rcorzor4u@thetimes.co.uk,Reamonn,Corzor,Analyst Programmer,Marketing,70
gcobby4v@trellian.com,Gasper,Cobby,Systems Administrator I,Services,13
hshafier4w@free.fr,Howard,Shafier,Software Consultant,Accounting,30
ldrewes4x@qq.com,Loralee,Drewes,Media Manager I,Research and Development,47
tronaghan4y@imgur.com,Tracie,Ronaghan,Research Assistant II,Engineering,5
emellon4z@shutterfly.com,Ericka,Mellon,Research Nurse,Legal,1
jleball50@senate.gov,Janenna,Le Ball,Business Systems Development Analyst,Business Development,90
fducarme51@businessinsider.com,Fitzgerald,ducarme,Tax Accountant,Training,29
payllett52@trellian.com,Petra,Ayllett,Desktop Support Technician,Human Resources,79
mkeddey53@samsung.com,Madelyn,Keddey,Sales Associate,Accounting,19
cespadate54@abc.net.au,Clem,Espadate,Engineer II,Training,67
bromayn55@bandcamp.com,Bobbe,Romayn,Automation Specialist II,Research and Development,78
kformie56@biglobe.ne.jp,Kippy,Formie,Systems Administrator II,Business Development,54
rpilbury57@blogtalkradio.com,Richard,Pilbury,Statistician III,Training,45
dwyant58@xrea.com,Donavon,Wyant,Biostatistician IV,Business Development,20
lkinson59@geocities.com,Lizette,Kinson,Executive Secretary,Product Management,3
hmccleod5a@dell.com,Haroun,McCleod,Editor,Accounting,16
fchallicum5b@who.int,Florence,Challicum,Quality Engineer,Research and Development,49
crack5c@stumbleupon.com,Carolina,Rack,Research Nurse,Marketing,26
vnoden5d@topsy.com,Velma,Noden,Research Assistant III,Accounting,20
bkeyhoe5e@epa.gov,Byrom,Keyhoe,VP Quality Control,Sales,97
ogreim5f@si.edu,Oona,Greim,Clinical Specialist,Engineering,80
sbrandt5g@wisc.edu,Susanne,Brandt,Clinical Specialist,Engineering,44
kharbison5h@ibm.com,Kissee,Harbison,Executive Secretary,Marketing,96
rwernham5i@zdnet.com,Ranice,Wernham,Financial Advisor,Human Resources,18
ckoopman5j@answers.com,Christophe,Koopman,Sales Representative,Training,69
kdell5k@vk.com,Karla,Dell,VP Quality Control,Legal,79
mleggatt5l@topsy.com,Morse,Leggatt,Graphic Designer,Research and Development,20
ilamacraft5m@loc.gov,Irvin,Lamacraft,Chemical Engineer,Marketing,48
cglidden5n@woothemes.com,Carney,Glidden,Software Engineer II,Sales,18
pnann5o@soup.io,Perla,Nann,Health Coach II,Accounting,61
gbarriball5p@blog.com,Giana,Barriball,Nuclear Power Engineer,Engineering,2
zhuson5q@wordpress.com,Zea,Huson,Chief Design Engineer,Marketing,32
jmartine5r@elpais.com,Justus,Martine,Chemical Engineer,Marketing,68
hgauford5s@nasa.gov,Hector,Gauford,Operator,Legal,38
obanker5t@google.nl,Oswell,Banker,Mechanical Systems Engineer,Human Resources,35
fanthony5u@berkeley.edu,Fredric,Anthony,Graphic Designer,Services,18
aezele5v@weather.com,Ardis,Ezele,Database Administrator II,Marketing,55
abercher5w@seesaa.net,Amery,Bercher,Senior Cost Accountant,Engineering,13
llight5x@forbes.com,Liva,Light,Safety Technician III,Training,8
fbase5y@fastcompany.com,Finn,Base,Technical Writer,Business Development,53
cgillyett5z@google.de,Creight,Gillyett,Senior Sales Associate,Support,73
mdymock60@google.co.uk,Mufinella,Dymock,Dental Hygienist,Support,51
hfountian61@bing.com,Hyacinthie,Fountian,Internal Auditor,Training,27
jstredwick62@privacy.gov.au,Judye,Stredwick,Software Engineer III,Sales,34
gbaskerfield63@spotify.com,Gavin,Baskerfield,Automation Specialist III,Human Resources,14
dmcgrail64@slate.com,Dani,McGrail,Operator,Human Resources,15
dbenner65@wikia.com,Doro,Benner,Human Resources Assistant IV,Legal,67
adansey66@twitter.com,Asher,Dansey,Web Designer I,Training,79
ggibben67@cbsnews.com,Gannie,Gibben,Cost Accountant,Support,95
mpiens68@comcast.net,Maggee,Piens,Assistant Media Planner,Legal,83
wjones69@patch.com,Wilie,Jones,Administrative Officer,Support,58
santushev6a@mysql.com,Sile,Antushev,Recruiting Manager,Sales,5
hraubenheim6b@redcross.org,Harriette,Raubenheim,Operator,Engineering,46
gstubbley6c@newsvine.com,Guenna,Stubbley,Help Desk Operator,Sales,17
clempel6d@mail.ru,Carroll,Lempel,Research Associate,Engineering,21
lflather6e@redcross.org,Lishe,Flather,Geological Engineer,Legal,14
twolfer6f@is.gd,Thoma,Wolfer,Recruiter,Services,80
aolivazzi6g@issuu.com,Adriana,Olivazzi,Assistant Professor,Training,83
ghearty6h@behance.net,Giraldo,Hearty,GIS Technical Architect,Sales,30
abelton6i@cmu.edu,Ainslie,Belton,Database Administrator II,Sales,22
kmyrtle6j@yahoo.com,Kayle,Myrtle,Structural Engineer,Legal,4
umarsland6k@last.fm,Ursala,Marsland,Senior Editor,Accounting,13
kfrensche6l@a8.net,Kailey,Frensche,Web Designer III,Business Development,53
mitchingham6m@google.co.uk,Marinna,Itchingham,Developer IV,Marketing,88
fstrattan6n@redcross.org,Francklyn,Strattan,Teacher,Accounting,91
lbolton6o@army.mil,Lesley,Bolton,Recruiting Manager,Research and Development,8
ueagles6p@studiopress.com,Ula,Eagles,Staff Scientist,Legal,68
rstappard6q@ebay.co.uk,Roxanna,Stappard,Librarian,Business Development,1
gclinning6r@google.fr,Gladys,Clinning,Technical Writer,Marketing,57
myouell6s@huffingtonpost.com,Mead,Youell,Cost Accountant,Business Development,41
wharriot6t@sun.com,Warren,Harriot,Information Systems Manager,Accounting,4
sbaynton6u@spiegel.de,Sheppard,Baynton,Assistant Professor,Product Management,24
achance6v@timesonline.co.uk,Anderson,Chance,Senior Editor,Training,80
lplaistowe6w@sina.com.cn,Luciana,Plaistowe,Pharmacist,Product Management,1
pblaszczak6x@delicious.com,Perceval,Blaszczak,Database Administrator IV,Research and Development,50
bmathevet6y@cisco.com,Bartholomeus,Mathevet,Software Test Engineer IV,Support,63
badamini6z@delicious.com,Burnard,Adamini,Social Worker,Marketing,87
modriscoll70@opensource.org,Mel,O'Driscoll,Help Desk Operator,Training,66
jpafford71@skyrock.com,Johnna,Pafford,Research Assistant IV,Business Development,93
kpracy72@dion.ne.jp,Kipper,Pracy,Software Consultant,Product Management,57
ablitz73@ed.gov,Andras,Blitz,Web Designer III,Legal,27
mmarsden74@europa.eu,Marin,Marsden,Sales Associate,Human Resources,90
ejaskiewicz75@seesaa.net,Evania,Jaskiewicz,Administrative Officer,Sales,58
garonstein76@jugem.jp,Gay,Aronstein,Sales Associate,Marketing,54
kflatman77@blogtalkradio.com,Keen,Flatman,Marketing Manager,Support,12
froutley78@netscape.com,Fremont,Routley,Registered Nurse,Research and Development,67
arobecon79@merriam-webster.com,Arv,Robecon,Research Nurse,Sales,64
jroyse7a@spotify.com,Jamal,Royse,Chemical Engineer,Support,97
jyanin7b@princeton.edu,Jayme,Yanin,Legal Assistant,Sales,61
dhaugh7c@g.co,Dominik,Haugh,Desktop Support Technician,Support,14
dchurchill7d@hc360.com,Dorian,Churchill,Help Desk Technician,Training,96
drathbourne7e@stanford.edu,Darryl,Rathbourne,Database Administrator I,Research and Development,39
dfrane7f@sun.com,Deck,Frane,Paralegal,Research and Development,56
glovitt7g@springer.com,Guido,Lovitt,Product Engineer,Product Management,84
fspera7h@webeden.co.uk,Farlie,Spera,Environmental Tech,Marketing,46
mpoulgreen7i@go.com,Mendy,Poulgreen,Internal Auditor,Human Resources,13
biston7j@i2i.jp,Barbette,Iston,GIS Technical Architect,Business Development,37
tburnhill7k@tinypic.com,Teresina,Burnhill,Tax Accountant,Services,65
cleaver7l@rakuten.co.jp,Cherilyn,Leaver,Junior Executive,Support,90
msummerskill7m@prweb.com,Marley,Summerskill,Internal Auditor,Sales,35
nfrake7n@qq.com,Nevil,Frake,Legal Assistant,Support,73
dgeipel7o@baidu.com,Dulce,Geipel,Software Consultant,Human Resources,9
eoxenden7p@unesco.org,Enriqueta,Oxenden,Health Coach III,Human Resources,10
ecullin7q@samsung.com,Edyth,Cullin,Software Consultant,Training,45
crastrick7r@ask.com,Chantal,Rastrick,Graphic Designer,Accounting,12
adooney7s@ucla.edu,Anderson,Dooney,Senior Sales Associate,Services,97
deitter7t@ftc.gov,Danyelle,Eitter,Senior Editor,Product Management,22
nrobuchon7u@a8.net,Nikolai,Robuchon,Account Representative II,Accounting,16
anichols7v@blog.com,Addi,Nichols,Senior Cost Accountant,Support,93
ismithen7w@paypal.com,Issy,Smithen,Compensation Analyst,Research and Development,53
ssubhan7x@bizjournals.com,Sim,Subhan,VP Sales,Legal,53
smckenzie7y@dmoz.org,Serena,McKenzie,Financial Advisor,Legal,63
dhaselwood7z@bizjournals.com,Dode,Haselwood,Graphic Designer,Business Development,51
nfall80@cbc.ca,Nataniel,Fall,Media Manager IV,Business Development,42
fjacson81@buzzfeed.com,Freida,Jacson,Civil Engineer,Engineering,35
cmaylor82@upenn.edu,Catlaina,Maylor,Database Administrator II,Engineering,51
brosenstengel83@oaic.gov.au,Britt,Rosenstengel,Professor,Sales,18
aloughan84@livejournal.com,Arlie,Loughan,Nurse,Services,97
jshiel85@senate.gov,Josepha,Shiel,Quality Engineer,Accounting,50
mbarnbrook86@oaic.gov.au,Misti,Barnbrook,VP Marketing,Human Resources,22
drylett87@hostgator.com,Duane,Rylett,Statistician III,Marketing,100
mdrache88@quantcast.com,Mackenzie,Drache,Chemical Engineer,Marketing,79
hbarbisch89@vistaprint.com,Halley,Barbisch,Quality Control Specialist,Marketing,29
rmedler8a@hubpages.com,Rachel,Medler,Senior Quality Engineer,Services,86
mkeddle8b@mlb.com,Margaretha,Keddle,Quality Control Specialist,Marketing,82
mvalencia8c@umn.edu,Mathian,Valencia,Environmental Tech,Product Management,95
ksieve8d@people.com.cn,Krista,Sieve,Associate Professor,Accounting,88
rrikard8e@de.vu,Rand,Rikard,Payment Adjustment Coordinator,Support,49
kstobbs8f@noaa.gov,Karel,Stobbs,Technical Writer,Business Development,15
lcoryndon8g@hexun.com,Lorrin,Coryndon,Quality Engineer,Research and Development,74
tshouler8h@squarespace.com,Ty,Shouler,Product Engineer,Legal,44
oscranney8i@pbs.org,Obidiah,Scranney,Nurse,Training,72
vbulstrode8j@4shared.com,Valma,Bulstrode,Environmental Tech,Support,69
plorkin8k@skyrock.com,Peterus,Lorkin,Administrative Officer,Engineering,32
fshackel8l@cdc.gov,Filberto,Shackel,Assistant Media Planner,Training,38
gteese8m@epa.gov,Gilles,Teese,Analyst Programmer,Engineering,3
jdedenham8n@epa.gov,Jenda,Dedenham,Senior Quality Engineer,Sales,7
rscarlett8o@miitbeian.gov.cn,Roselin,Scarlett,Web Developer III,Accounting,32
bcomi8p@cnbc.com,Blanca,Comi,Editor,Sales,90
aestcourt8q@usgs.gov,Adria,Estcourt,Biostatistician II,Research and Development,91
lhumby8r@privacy.gov.au,Lezlie,Humby,Community Outreach Specialist,Engineering,40
msemkins8s@oracle.com,Minetta,Semkins,Recruiting Manager,Research and Development,71
cmcnulty8t@senate.gov,Chelsy,McNulty,Senior Cost Accountant,Legal,22
tmuspratt8u@livejournal.com,Thurstan,Muspratt,Operator,Marketing,42
foldam8v@flavors.me,Franciskus,Oldam,Staff Accountant II,Human Resources,58
wcicculi8w@cdc.gov,Wolfgang,Cicculi,Safety Technician IV,Human Resources,89
gprosek8x@macromedia.com,Glennis,Prosek,Account Executive,Services,76
rorrock8y@histats.com,Rock,Orrock,Professor,Product Management,45
mitzkovitch8z@uol.com.br,Madella,Itzkovitch,Administrative Assistant IV,Product Management,88
ikennermann90@census.gov,Isis,Kennermann,Food Chemist,Services,9
ymartensen91@apache.org,Yasmeen,Martensen,General Manager,Support,20
shammerson92@unesco.org,Shae,Hammerson,Graphic Designer,Accounting,88
cratledge93@networkadvertising.org,Corabelle,Ratledge,Account Coordinator,Accounting,62
dbanaszczyk94@google.com.au,Dicky,Banaszczyk,Recruiter,Business Development,62
agardener95@guardian.co.uk,Ameline,Gardener,Office Assistant III,Product Management,74
csouthern96@drupal.org,Clevie,Southern,Civil Engineer,Training,70
lhaberfield97@skyrock.com,Libbi,Haberfield,Legal Assistant,Business Development,52
wwilne98@oracle.com,Wynne,Wilne,Media Manager I,Training,94
kspanton99@senate.gov,Kit,Spanton,Media Manager I,Research and Development,10
shrinchishin9a@nifty.com,Sib,Hrinchishin,Actuary,Services,3
ahadcroft9b@cyberchimps.com,Annemarie,Hadcroft,Food Chemist,Services,84
frodway9c@qq.com,Farris,Rodway,Health Coach I,Support,43
atevlin9d@drupal.org,Aleda,Tevlin,GIS Technical Architect,Business Development,80
fmaslin9e@miibeian.gov.cn,Faythe,Maslin,Senior Sales Associate,Marketing,57
natrill9f@adobe.com,Nita,Atrill,Dental Hygienist,Marketing,90
fbeeres9g@skype.com,Fara,Beeres,Tax Accountant,Sales,82
dhanna9h@businesswire.com,Dalis,Hanna,Tax Accountant,Legal,7
hcoyne9i@sbwire.com,Hamilton,Coyne,Occupational Therapist,Product Management,97
brihanek9j@mlb.com,Brooks,Rihanek,Social Worker,Legal,77
cdarrigo9k@tinypic.com,Corina,D'Arrigo,Engineer II,Engineering,86
mstoney9l@wikispaces.com,Miranda,Stoney,Human Resources Manager,Business Development,23
nblaksland9m@wix.com,Nataline,Blaksland,Human Resources Assistant I,Research and Development,22
dbossons9n@123-reg.co.uk,Davine,Bossons,Automation Specialist I,Services,21
dfilan9o@bloglines.com,Delinda,Filan,Senior Developer,Support,81
wogarmen9p@a8.net,Wini,O'Garmen,Senior Financial Analyst,Services,9
carenson9q@macromedia.com,Cherish,Arenson,Senior Cost Accountant,Human Resources,10
gbirchill9r@hubpages.com,Garv,Birchill,Payment Adjustment Coordinator,Product Management,65
amorrid9s@irs.gov,Alvera,Morrid,Sales Associate,Research and Development,87
cmanass9t@topsy.com,Cecilio,Manass,Editor,Training,6
rfeenan9u@yahoo.com,Rica,Feenan,Help Desk Operator,Training,60
wsouthcomb9v@census.gov,Worth,Southcomb,Data Coordiator,Research and Development,56
ktampling9w@gmpg.org,Keen,Tampling,Programmer I,Human Resources,21
hsoames9x@go.com,Hattie,Soames,Research Associate,Engineering,11
vmockett9y@foxnews.com,Victoir,Mockett,VP Quality Control,Business Development,65
arivelin9z@wikispaces.com,Ambrosi,Rivelin,Marketing Manager,Support,19
tklemencica0@amazonaws.com,Tades,Klemencic,Associate Professor,Legal,13
bdykinsa1@oakley.com,Benedicto,Dykins,Assistant Professor,Services,74
scranga2@ft.com,Shaw,Crang,Statistician III,Engineering,66
dpasleya3@mapquest.com,Datha,Pasley,VP Accounting,Human Resources,3
aboynea4@istockphoto.com,Ashien,Boyne,Social Worker,Services,60
pwearinga5@hubpages.com,Pierce,Wearing,Associate Professor,Research and Development,92
asackeya6@domainmarket.com,Annalise,Sackey,Sales Associate,Business Development,12
snoora7@godaddy.com,Shelba,Noor,Teacher,Accounting,68
zpilgrima8@dailymail.co.uk,Zaria,Pilgrim,Web Developer II,Engineering,30
llongdena9@mit.edu,Lesley,Longden,Internal Auditor,Human Resources,4
clinneraa@cnn.com,Clerkclaude,Linner,Graphic Designer,Research and Development,52
fortsab@multiply.com,Fransisco,Orts,Chief Design Engineer,Human Resources,9
sgronoweac@disqus.com,Shelagh,Gronowe,Programmer Analyst II,Marketing,22
wfaderad@census.gov,Wilfred,Fader,Chief Design Engineer,Training,61
jdanielczykae@constantcontact.com,Jonathon,Danielczyk,Senior Sales Associate,Marketing,37
mkupisaf@devhub.com,Mersey,Kupis,Computer Systems Analyst II,Business Development,16
nmeenanag@merriam-webster.com,Noelle,Meenan,GIS Technical Architect,Research and Development,48
dclericoatesah@ox.ac.uk,Dillie,Clericoates,Programmer Analyst II,Product Management,11
jwraithai@delicious.com,Jori,Wraith,Programmer II,Services,33
dhawksleyaj@ed.gov,Danell,Hawksley,Mechanical Systems Engineer,Accounting,37
rlotheanak@reverbnation.com,Reyna,Lothean,Budget/Accounting Analyst IV,Human Resources,31
galdredal@wired.com,Garv,Aldred,Developer II,Services,5
aphilimoream@pinterest.com,Albertina,Philimore,Executive Secretary,Training,89
edearnleyan@cnet.com,Emeline,Dearnley,Account Coordinator,Human Resources,100
rwhettonao@theguardian.com,Royal,Whetton,Account Representative IV,Business Development,2
ahinzeap@eventbrite.com,Ahmad,Hinze,Geologist II,Product Management,85
lmciveraq@illinois.edu,Leoline,McIver,Accountant I,Human Resources,45
arochar@tripadvisor.com,Alfonso,Roch,Structural Analysis Engineer,Services,88
bkeymaras@dailymail.co.uk,Bethena,Keymar,Internal Auditor,Engineering,73
mdurbanat@fc2.com,Meagan,Durban,Chemical Engineer,Accounting,6
cpereiraau@weather.com,Camile,Pereira,Graphic Designer,Legal,73
ewiersmaav@toplist.cz,Ev,Wiersma,Design Engineer,Support,8
hternouthaw@jimdo.com,Hetti,Ternouth,Teacher,Sales,78
lmcdonnellax@bloglovin.com,Lainey,McDonnell,Structural Engineer,Product Management,34
asharramay@sun.com,Ashlen,Sharram,Accounting Assistant II,Support,1
dbordoneaz@buzzfeed.com,Dotti,Bordone,Research Assistant III,Business Development,1
elethamb0@wikimedia.org,Emily,Letham,Structural Engineer,Support,63
pfeuellb1@opera.com,Penni,Feuell,VP Product Management,Services,59
prockeyb2@unesco.org,Peg,Rockey,Accounting Assistant I,Services,73
chavenhandb3@latimes.com,Celle,Havenhand,Programmer II,Legal,99
fspeendenb4@umich.edu,Farrah,Speenden,Senior Editor,Business Development,16
jfaransb5@slate.com,Jamaal,Farans,Nuclear Power Engineer,Legal,67
kduignanb6@stanford.edu,Kessiah,Duignan,Software Engineer II,Business Development,15
bvalettb7@sogou.com,Bradly,Valett,Speech Pathologist,Support,76
sdimbylowb8@nifty.com,Sterne,Dimbylow,VP Accounting,Business Development,19
owallingtonb9@e-recht24.de,Ogdon,Wallington,Tax Accountant,Marketing,98
espringthorpba@feedburner.com,Ebenezer,Springthorp,Business Systems Development Analyst,Marketing,30
iholtbb@va.gov,Irena,Holt,Automation Specialist III,Sales,81
smccaughenbc@java.com,Stavro,Mc Caughen,Marketing Assistant,Support,69
vsorebd@trellian.com,Verla,Sore,Environmental Tech,Services,9
azanetellobe@ihg.com,Anson,Zanetello,GIS Technical Architect,Services,97
dfrantsevbf@archive.org,Diane-marie,Frantsev,Chief Design Engineer,Sales,5
nbahiabg@furl.net,Neill,Bahia,VP Quality Control,Services,40
obertrambh@blogtalkradio.com,Octavia,Bertram,Data Coordiator,Services,56
twylliebi@usatoday.com,Terra,Wyllie,Health Coach III,Support,86
hdivallbj@yolasite.com,Hana,Divall,Research Nurse,Human Resources,58
fbissbk@posterous.com,Fletcher,Biss,Operator,Business Development,20
fclutterbuckbl@admin.ch,Freddi,Clutterbuck,Executive Secretary,Research and Development,5
bbolambm@cmu.edu,Broderick,Bolam,Director of Sales,Product Management,42
mobeybn@newsvine.com,Madalena,Obey,Quality Control Specialist,Product Management,27
fspendleybo@slideshare.net,Frayda,Spendley,Clinical Specialist,Marketing,39
aperesbp@yahoo.co.jp,Angil,Peres,Systems Administrator III,Product Management,15
fcasinabq@ftc.gov,Franklin,Casina,Health Coach IV,Business Development,41
aredheadbr@1688.com,Augie,Redhead,Structural Engineer,Training,70
ckemishbs@quantcast.com,Clair,Kemish,Registered Nurse,Marketing,31
rpaviourbt@mapquest.com,Regina,Paviour,Geological Engineer,Research and Development,64
kcuddonbu@vistaprint.com,Kermie,Cuddon,Administrative Officer,Product Management,66
pdilaweybv@vinaora.com,Powell,Dilawey,Analyst Programmer,Accounting,89
cvonhindenburgbw@constantcontact.com,Clarence,Von Hindenburg,Financial Analyst,Human Resources,93
tjaggibx@acquirethisname.com,Theodoric,Jaggi,Account Representative III,Engineering,23
clancetterby@mozilla.com,Cherida,Lancetter,Software Consultant,Support,26
cbradberrybz@123-reg.co.uk,Charlie,Bradberry,Executive Secretary,Support,13
gvainc0@icq.com,Gabriell,Vain,Human Resources Assistant III,Sales,72
tmastermanc1@statcounter.com,Travus,Masterman,Environmental Tech,Accounting,35
estraffordc2@cargocollective.com,Enos,Strafford,Environmental Specialist,Accounting,3
sramsdellc3@unblog.fr,Saraann,Ramsdell,Analog Circuit Design manager,Training,22
gfrancklync4@slashdot.org,Geordie,Francklyn,Developer II,Product Management,26
mnibleyc5@prweb.com,Marco,Nibley,Paralegal,Engineering,7
csimcockc6@bloglovin.com,Catherina,Simcock,Legal Assistant,Legal,91
telcyc7@addthis.com,Teresa,Elcy,Technical Writer,Marketing,94
isollittc8@eventbrite.com,Idalina,Sollitt,Community Outreach Specialist,Accounting,88
gwickershamc9@last.fm,Gunter,Wickersham,Human Resources Manager,Legal,51
amccollumca@networkadvertising.org,Alejandrina,McCollum,General Manager,Research and Development,68
jpandyacb@squidoo.com,Jemmy,Pandya,Analog Circuit Design manager,Marketing,99
jbasilottacc@opera.com,Jose,Basilotta,Assistant Professor,Legal,62
nyemmcd@comsenz.com,Nyssa,Yemm,Operator,Marketing,51
ttradewellce@google.pl,Travis,Tradewell,Editor,Services,72
bgurrcf@parallels.com,Benton,Gurr,Pharmacist,Training,38
noventoncg@mtv.com,Nadeen,Oventon,Assistant Manager,Marketing,71
mbrunnsteinch@facebook.com,Marven,Brunnstein,Junior Executive,Marketing,14
tstrydeci@sogou.com,Tracey,Stryde,Executive Secretary,Product Management,57
acruftcj@domainmarket.com,Aristotle,Cruft,VP Accounting,Research and Development,76
rvitallck@lulu.com,Riccardo,Vitall,Software Engineer III,Product Management,15
dbirchallcl@pagesperso-orange.fr,Dody,Birchall,VP Quality Control,Training,65
mcholomincm@oracle.com,Madonna,Cholomin,Assistant Media Planner,Legal,93
tpattinicn@merriam-webster.com,Tova,Pattini,Human Resources Manager,Marketing,38
pdalgetyco@infoseek.co.jp,Pippo,Dalgety,Biostatistician III,Training,47
dobroganecp@de.vu,Doti,O'Brogane,Information Systems Manager,Research and Development,10
pturfittcq@infoseek.co.jp,Petey,Turfitt,Electrical Engineer,Support,86
blilleycropcr@loc.gov,Bendick,Lilleycrop,Structural Engineer,Product Management,92
btrevettcs@ameblo.jp,Brittne,Trevett,Occupational Therapist,Engineering,28
sbaynamct@aboutads.info,Shantee,Baynam,Senior Quality Engineer,Research and Development,70
strottcu@issuu.com,Steffi,Trott,Automation Specialist I,Legal,45
blaugacv@free.fr,Benjamin,Lauga,VP Marketing,Training,39
bjustecw@friendfeed.com,Brig,Juste,Quality Engineer,Services,21
cbauduincx@gizmodo.com,Carlynne,Bauduin,Actuary,Services,99
awhylercy@php.net,Adams,Whyler,Senior Quality Engineer,Accounting,92
lclausiuscz@nba.com,Loleta,Clausius,Recruiting Manager,Legal,77
rgreensetd0@disqus.com,Ronalda,Greenset,VP Product Management,Product Management,57
rwhittlesead1@fda.gov,Roseanne,Whittlesea,Nurse Practicioner,Sales,13
ccordied2@a8.net,Camilla,Cordie,Office Assistant I,Legal,81
shissettd3@salon.com,Sawyere,Hissett,Media Manager I,Business Development,70
jcowlardd4@google.com.br,Janice,Cowlard,Structural Analysis Engineer,Support,72
cdumberelld5@icq.com,Cheslie,Dumberell,Product Engineer,Sales,92
breochd6@booking.com,Bud,Reoch,Senior Financial Analyst,Product Management,7
shenriond7@sogou.com,Shanie,Henrion,Biostatistician IV,Research and Development,2
dliefd8@quantcast.com,Diane,Lief,Administrative Assistant II,Human Resources,21
sohanleyd9@angelfire.com,Sadie,O'Hanley,Structural Analysis Engineer,Engineering,86
oleprovostda@sourceforge.net,Owen,Le Provost,Geologist II,Human Resources,71
akonraddb@ted.com,Arni,Konrad,Staff Accountant II,Sales,6
gsauvaindc@facebook.com,Gian,Sauvain,Financial Analyst,Training,23
omcneachtaindd@gnu.org,Osbert,McNeachtain,Software Engineer III,Engineering,37
tcuniamde@amazon.co.jp,Tull,Cuniam,GIS Technical Architect,Accounting,93
rdepaepedf@loc.gov,Rosanna,De Paepe,Administrative Assistant III,Engineering,2
dsurguinedg@jiathis.com,Dionis,Surguine,Database Administrator IV,Engineering,81
dnewbegindh@ask.com,Dennis,Newbegin,Database Administrator IV,Human Resources,16
lmunceydi@utexas.edu,Lorry,Muncey,Information Systems Manager,Research and Development,54
bgillhespydj@huffingtonpost.com,Bernadine,Gillhespy,Recruiting Manager,Legal,17
dabysdk@vistaprint.com,Datha,Abys,Design Engineer,Legal,86
spokerdl@taobao.com,Shayne,Poker,Compensation Analyst,Training,45
eroscowdm@house.gov,Eugenie,Roscow,Human Resources Manager,Support,34
estruisdn@prweb.com,Erica,Struis,General Manager,Product Management,66
nkalinovichdo@biblegateway.com,Nell,Kalinovich,GIS Technical Architect,Sales,72
pdecourtneydp@fema.gov,Penelopa,De Courtney,Quality Engineer,Support,30
mburrowsdq@dropbox.com,Madelene,Burrows,Programmer III,Product Management,18
dbestmandr@nydailynews.com,Dorotea,Bestman,Senior Editor,Services,19
khinckesds@vk.com,Katharina,Hinckes,Desktop Support Technician,Legal,39
crabidgedt@answers.com,Carter,Rabidge,Administrative Officer,Training,9
cdantonidu@w3.org,Correy,D'Antoni,Media Manager I,Product Management,16
rcartmaeldv@booking.com,Raychel,Cartmael,Structural Analysis Engineer,Research and Development,31
gacomedw@newyorker.com,Gianni,Acome,Assistant Media Planner,Product Management,6
nelfesdx@over-blog.com,Noelyn,Elfes,Help Desk Operator,Sales,32
mnicklindy@uiuc.edu,Marie-jeanne,Nicklin,Cost Accountant,Human Resources,42
srawnedz@hc360.com,Sonnie,Rawne,Librarian,Accounting,47
jcardooe0@nps.gov,Jarred,Cardoo,GIS Technical Architect,Legal,37
jwessele1@bigcartel.com,Jewel,Wessel,Engineer III,Business Development,49
gmccaffertye2@behance.net,Gennie,McCafferty,Software Consultant,Training,64
nweildishe3@over-blog.com,Nerti,Weildish,Design Engineer,Sales,90
jskeppere4@smh.com.au,Jay,Skepper,Analyst Programmer,Training,85
ldutnalle5@bing.com,Leeland,Dutnall,GIS Technical Architect,Marketing,83
mdure6@bandcamp.com,Monica,Dur,Food Chemist,Marketing,18
hellesworthee7@discuz.net,Hewett,Ellesworthe,Technical Writer,Product Management,35
cwicksone8@virginia.edu,Cully,Wickson,Senior Sales Associate,Research and Development,37
araine9@amazon.co.jp,Anne,Rain,Quality Control Specialist,Sales,55
fmckendryea@fastcompany.com,Ford,McKendry,Nurse Practicioner,Services,82
klungeb@skyrock.com,Kimberly,Lung,Senior Editor,Sales,6
ekalkofenec@webmd.com,Ebony,Kalkofen,Structural Analysis Engineer,Research and Development,66
acochered@mtv.com,Anton,Cocher,Professor,Human Resources,26
dyacobsohnee@aol.com,Daryl,Yacobsohn,Help Desk Operator,Sales,46
jfisbburneef@mac.com,Jeff,Fisbburne,Business Systems Development Analyst,Research and Development,32
jheibleg@alibaba.com,Jorie,Heibl,Nuclear Power Engineer,Human Resources,44
dzanucioliieh@comsenz.com,Darya,Zanuciolii,Environmental Specialist,Human Resources,66
tacottei@disqus.com,Terri,Acott,Nuclear Power Engineer,Engineering,91
rstearneej@list-manage.com,Rachael,Stearne,Administrative Officer,Business Development,99
rallardyceek@bandcamp.com,Roshelle,Allardyce,Structural Engineer,Business Development,63
vloudyanel@flavors.me,Vicki,Loudyan,Legal Assistant,Product Management,72
agunninghamem@thetimes.co.uk,Andy,Gunningham,Nuclear Power Engineer,Engineering,8
uwoollonsen@hexun.com,Ursuline,Woollons,Computer Systems Analyst I,Accounting,16
pturneauxeo@seesaa.net,Paton,Turneaux,Payment Adjustment Coordinator,Human Resources,78
psenechellep@omniture.com,Prisca,Senechell,Account Coordinator,Engineering,61
ccoulleq@jalbum.net,Clint,Coull,Quality Control Specialist,Legal,86
elasseyer@51.la,Elinore,Lassey,Teacher,Human Resources,68
cdahleres@geocities.jp,Carmine,Dahler,Help Desk Operator,Support,44
mgobeauet@usnews.com,Marnia,Gobeau,Software Engineer II,Marketing,10
dloveladyeu@jiathis.com,Dante,Lovelady,Operator,Services,6
cmarrinerev@yellowbook.com,Carolyne,Marriner,Budget/Accounting Analyst I,Accounting,23
bcourvertew@tumblr.com,Bail,Courvert,Biostatistician IV,Training,81
wbormanex@slideshare.net,Waldo,Borman,Database Administrator IV,Business Development,55
nplesingey@washingtonpost.com,Nissa,Plesing,Environmental Specialist,Support,6
kbelcherez@clickbank.net,Kip,Belcher,Chemical Engineer,Support,47
psimoncinif0@amazon.co.uk,Pietro,Simoncini,Desktop Support Technician,Engineering,56
ekroonf1@berkeley.edu,Eldin,Kroon,Operator,Services,51
azornf2@google.fr,Anitra,Zorn,Database Administrator I,Support,63
gheedf3@fema.gov,Gilli,Heed,Software Consultant,Legal,26
bswaytonf4@mayoclinic.com,Berkley,Swayton,Senior Financial Analyst,Sales,32
cbirtwistlef5@sohu.com,Carolyne,Birtwistle,Speech Pathologist,Sales,15
bstealeyf6@microsoft.com,Beth,Stealey,Computer Systems Analyst I,Legal,96
millyesf7@deviantart.com,Massimo,Illyes,Marketing Assistant,Training,97
sponterf8@wp.com,Stafani,Ponter,Teacher,Marketing,91
kmatejicf9@ifeng.com,Kylie,Matejic,Programmer Analyst IV,Engineering,86
cantonomolifa@nasa.gov,Caty,Antonomoli,Programmer III,Business Development,39
rgapperfb@tamu.edu,Rowen,Gapper,Quality Engineer,Engineering,65
dharriskinefc@mit.edu,Durand,Harriskine,Systems Administrator I,Legal,56
lshilletofd@independent.co.uk,Lara,Shilleto,Editor,Accounting,69
thouchenfe@acquirethisname.com,Trixy,Houchen,Clinical Specialist,Services,65
hstroderff@merriam-webster.com,Huntington,Stroder,Web Developer IV,Services,60
hkingsnorthfg@census.gov,Henri,Kingsnorth,Senior Cost Accountant,Business Development,88
nmcspirronfh@posterous.com,Nerissa,McSpirron,Statistician III,Legal,31
crosengrenfi@macromedia.com,Chiquia,Rosengren,Senior Developer,Research and Development,92
btweedellfj@ow.ly,Boy,Tweedell,Budget/Accounting Analyst II,Product Management,32
amacksteadfk@time.com,Arron,Mackstead,Quality Engineer,Marketing,34
dwhyliefl@cornell.edu,Dulcea,Whylie,Developer I,Business Development,85
lffrenchbeytaghfm@theglobeandmail.com,Loydie,ffrench Beytagh,Chief Design Engineer,Marketing,16
dbeddallfn@weibo.com,Dex,Beddall,Geological Engineer,Engineering,15
mcaustickfo@nature.com,Maddy,Caustick,Technical Writer,Services,14
mduckhousefp@mozilla.org,Mandi,Duckhouse,Financial Analyst,Human Resources,27
vpullarfq@hugedomains.com,Vaclav,Pullar,Help Desk Operator,Training,22
lmillwardfr@imdb.com,Lewes,Millward,Compensation Analyst,Product Management,42
ewinscomfs@patch.com,Esdras,Winscom,Associate Professor,Services,60
cschuleft@networksolutions.com,Corty,Schule,Product Engineer,Accounting,18
msollowayfu@dailymotion.com,Marice,Solloway,Accountant II,Marketing,49
spittolifv@1688.com,Sula,Pittoli,Executive Secretary,Engineering,71
sdurtnallfw@infoseek.co.jp,Samantha,Durtnall,Engineer I,Legal,9
grunnallsfx@un.org,Gretchen,Runnalls,Payment Adjustment Coordinator,Services,88
idennertfy@google.pl,Ingunna,Dennert,Accountant IV,Sales,69
avasyunichevfz@walmart.com,Amil,Vasyunichev,Biostatistician IV,Accounting,29
kledgerg0@globo.com,Kamila,Ledger,Paralegal,Support,22
dnindg1@liveinternet.ru,Davey,Nind,Technical Writer,Business Development,84
mjestyg2@loc.gov,Marietta,Jesty,Biostatistician II,Business Development,63
gdedmang3@wufoo.com,Gibb,Dedman,Internal Auditor,Services,3
shaseleyg4@mtv.com,Sylas,Haseley,Nuclear Power Engineer,Business Development,98
bwibberleyg5@nhs.uk,Belva,Wibberley,Environmental Tech,Engineering,29
fsuggeyg6@discuz.net,Ferne,Suggey,Recruiting Manager,Legal,98
ggatherg7@trellian.com,Giorgio,Gather,Structural Analysis Engineer,Legal,58
bdaccag8@photobucket.com,Bernita,Dacca,Staff Scientist,Business Development,50
aespasag9@europa.eu,Anstice,Espasa,Pharmacist,Training,72
wwallheadga@ft.com,Walton,Wallhead,Sales Representative,Accounting,75
khatliffegb@unicef.org,Kliment,Hatliffe,Analog Circuit Design manager,Product Management,34
ecoltherdgc@xrea.com,Enriqueta,Coltherd,Design Engineer,Engineering,1
lklehngd@time.com,Lorain,Klehn,Teacher,Accounting,41
rsquirege@merriam-webster.com,Renie,Squire,Community Outreach Specialist,Accounting,8
lmariyushkingf@dyndns.org,Lorine,Mariyushkin,Senior Editor,Sales,43
azimmermeistergg@pen.io,Abran,Zimmermeister,Registered Nurse,Business Development,3
jchinnickgh@yandex.ru,Jeannie,Chinnick,Environmental Specialist,Engineering,80
chartasgi@dropbox.com,Chane,Hartas,Research Nurse,Business Development,25
ikneafseygj@answers.com,Issi,Kneafsey,Mechanical Systems Engineer,Services,96
brollingsgk@google.fr,Bebe,Rollings,Administrative Assistant IV,Services,42
cyeldinggl@dmoz.org,Crista,Yelding,Research Assistant I,Accounting,31
nelsaygm@ft.com,Nealy,Elsay,GIS Technical Architect,Product Management,8
pmcelorygn@ucoz.com,Paquito,McElory,Systems Administrator III,Services,4
tyurikovgo@washingtonpost.com,Thurstan,Yurikov,General Manager,Product Management,35
djimmesgp@europa.eu,Dido,Jimmes,Computer Systems Analyst IV,Legal,32
sfealeygq@e-recht24.de,Selia,Fealey,Media Manager III,Research and Development,94
smaylottgr@booking.com,Svend,Maylott,Graphic Designer,Product Management,95
nkubekgs@eventbrite.com,Neall,Kubek,Assistant Manager,Legal,69
sboothbygt@mysql.com,Shea,Boothby,Data Coordiator,Support,66
cmcteargu@mail.ru,Clayborn,McTear,Programmer Analyst III,Legal,16
mnorthwoodgv@edublogs.org,Moyra,Northwood,Food Chemist,Marketing,73
jannongw@npr.org,Juana,Annon,Media Manager IV,Human Resources,30
zquinlangx@washington.edu,Zak,Quinlan,Food Chemist,Business Development,81
kgravestongy@mlb.com,Kaye,Graveston,Teacher,Support,10
agantleygz@netscape.com,Artair,Gantley,Cost Accountant,Sales,39
zscollickh0@sitemeter.com,Zea,Scollick,Librarian,Legal,13
ascholzh1@sbwire.com,Agnella,Scholz,VP Product Management,Business Development,60
tslocomh2@domainmarket.com,Trula,Slocom,Recruiter,Engineering,2
jnoddlesh3@weather.com,Joleen,Noddles,Associate Professor,Support,3
hnutleyh4@uol.com.br,Heath,Nutley,Senior Sales Associate,Legal,97
smoorerudh5@thetimes.co.uk,Selina,Moorerud,Nuclear Power Engineer,Accounting,9
cfozzardh6@barnesandnoble.com,Clevey,Fozzard,Cost Accountant,Accounting,17
ssoutheranh7@marriott.com,Sofia,Southeran,Help Desk Operator,Research and Development,75
ihoveh8@springer.com,Izabel,Hove,Nuclear Power Engineer,Research and Development,80
mhabishawh9@github.io,Monica,Habishaw,Senior Editor,Engineering,40
twestlakeha@utexas.edu,Talyah,Westlake,Teacher,Training,98
smuehlerhb@cocolog-nifty.com,Sergei,Muehler,Product Engineer,Marketing,25
psutterhc@oaic.gov.au,Pris,Sutter,Programmer III,Business Development,27
afawthrophd@so-net.ne.jp,Allx,Fawthrop,Speech Pathologist,Sales,64
amackeeghe@unblog.fr,Adrian,MacKeeg,Marketing Manager,Sales,74
bgammetthf@shop-pro.jp,Barty,Gammett,Human Resources Manager,Research and Development,29
smerwedehg@cdc.gov,Staci,Merwede,Assistant Manager,Human Resources,5
daldayhh@ed.gov,Demetre,Alday,Nuclear Power Engineer,Support,22
jcarloshi@hugedomains.com,Joseito,Carlos,Nurse Practicioner,Sales,62
tmenpeshj@deliciousdays.com,Trix,Menpes,Recruiting Manager,Accounting,68
dshawelhk@stumbleupon.com,Danya,Shawel,Budget/Accounting Analyst II,Training,43
kpickerinhl@geocities.com,Kirstin,Pickerin,Associate Professor,Product Management,3
ehankinshm@gnu.org,Elicia,Hankins,Registered Nurse,Engineering,56
smacaleesehn@amazon.co.uk,Sayre,MacAleese,VP Product Management,Human Resources,35
ciacobettoho@ask.com,Clerc,Iacobetto,Recruiter,Accounting,88
lticehursthp@dedecms.com,Laurie,Ticehurst,Recruiting Manager,Sales,4
avalekhq@mozilla.org,Arlen,Valek,Web Developer I,Research and Development,43
tsumshonhr@webs.com,Terese,Sumshon,Desktop Support Technician,Services,48
dspibyhs@hibu.com,Donal,Spiby,Sales Associate,Support,9
eshoosmithht@soup.io,Edin,Shoosmith,Staff Scientist,Services,14
ameateshu@illinois.edu,Austin,Meates,Pharmacist,Human Resources,75
byosselevitchhv@prnewswire.com,Briant,Yosselevitch,Cost Accountant,Research and Development,85
shambrighthw@techcrunch.com,Shermy,Hambright,Nurse,Human Resources,3
colenovhx@va.gov,Chris,Olenov,VP Marketing,Research and Development,1
abetjeshy@odnoklassniki.ru,Arden,Betjes,Desktop Support Technician,Legal,41
bwinbornhz@un.org,Bobby,Winborn,Compensation Analyst,Training,63
bcarstairsi0@mozilla.com,Belva,Carstairs,Recruiter,Business Development,31
dbilovusi1@chicagotribune.com,Dreddy,Bilovus,Nurse Practicioner,Business Development,51
esousai2@cmu.edu,Elsa,Sousa,Software Consultant,Accounting,92
lblitzeri3@washington.edu,Linnet,Blitzer,Graphic Designer,Product Management,10
bilyuchyovi4@shareasale.com,Billie,Ilyuchyov,Senior Sales Associate,Services,41
gheapei5@slate.com,Georg,Heape,Sales Associate,Training,51
smartinelloi6@alibaba.com,Siegfried,Martinello,Biostatistician III,Sales,66
apettisalli7@artisteer.com,Andrea,Pettisall,Project Manager,Human Resources,29
chainsworthi8@eventbrite.com,Corney,Hainsworth,Compensation Analyst,Business Development,35
jlacei9@printfriendly.com,Jeremias,Lace,Recruiting Manager,Research and Development,70
pitzcakia@behance.net,Patience,Itzcak,Financial Advisor,Sales,85
spomeroyib@symantec.com,Shae,Pomeroy,Professor,Human Resources,25
nkemmeyic@mysql.com,Nicholle,Kemmey,Actuary,Research and Development,72
salldreadid@yale.edu,Simona,Alldread,Junior Executive,Engineering,11
elansdownie@netvibes.com,Elset,Lansdown,Legal Assistant,Sales,28
erobbenif@berkeley.edu,Eleanor,Robben,Statistician III,Services,38
jlumoxig@sciencedirect.com,Justine,Lumox,Nurse,Engineering,88
pstreightih@squarespace.com,Piotr,Streight,Project Manager,Training,21
wstokellii@shop-pro.jp,Wilone,Stokell,Actuary,Support,86
lscoggansij@wunderground.com,Livvy,Scoggans,Statistician III,Legal,65
mmcnickleik@sourceforge.net,Maureen,McNickle,Account Executive,Human Resources,20
tbiggansil@virginia.edu,Teena,Biggans,Research Nurse,Engineering,63
mellingsworthim@weather.com,Mickie,Ellingsworth,VP Product Management,Product Management,70
ehamlenin@aboutads.info,Estevan,Hamlen,VP Quality Control,Marketing,48
lnutbeemio@nasa.gov,Launce,Nutbeem,Data Coordiator,Engineering,24
abruteip@phpbb.com,Ange,Brute,GIS Technical Architect,Support,79
bgautreyiq@php.net,Bax,Gautrey,VP Sales,Accounting,18
pglasbyir@yahoo.co.jp,Philippa,Glasby,Staff Scientist,Marketing,76
mscocroftis@smh.com.au,Marguerite,Scocroft,Senior Sales Associate,Sales,86
hporrettit@mozilla.com,Humfrid,Porrett,Computer Systems Analyst III,Product Management,15
dfarthingiu@bravesites.com,Delaney,Farthing,Actuary,Accounting,80
fabramowitziv@t.co,Fey,Abramowitz,Graphic Designer,Services,5
dcurneriw@fotki.com,Deanna,Curner,Human Resources Assistant I,Product Management,19
pseckingtonix@purevolume.com,Port,Seckington,Geological Engineer,Business Development,100
nweaveriy@webnode.com,Nanon,Weaver,Sales Associate,Sales,17
kecclestoniz@hostgator.com,Korrie,Eccleston,Data Coordiator,Accounting,21
etheoboldj0@toplist.cz,Eward,Theobold,Engineer IV,Engineering,33
tdeyej1@hubpages.com,Tripp,d' Eye,Account Representative IV,Marketing,13
jaudleyj2@wsj.com,Jamey,Audley,Librarian,Business Development,61
dchancej3@php.net,Drucie,Chance,Junior Executive,Support,81
pbarrowsj4@cafepress.com,Polly,Barrows,Compensation Analyst,Support,37
mhoffmanj5@arizona.edu,Mabel,Hoffman,Financial Analyst,Legal,61
gleavryj6@wp.com,Grethel,Leavry,Senior Financial Analyst,Marketing,29
gspilsburyj7@sciencedirect.com,Gratia,Spilsbury,GIS Technical Architect,Accounting,91
cdufairej8@flickr.com,Carmelia,Dufaire,Clinical Specialist,Research and Development,69
wgarlettej9@google.it,Wenda,Garlette,Legal Assistant,Support,4
sliddelja@unc.edu,Sam,Liddel,Programmer I,Business Development,54
msemkenjb@latimes.com,Merrie,Semken,Administrative Assistant IV,Legal,31
gfarquharjc@ustream.tv,Graehme,Farquhar,Systems Administrator III,Marketing,43
glivoirjd@jugem.jp,Gabriel,Livoir,Data Coordiator,Human Resources,33
gwerndlyje@clickbank.net,Geordie,Werndly,Nuclear Power Engineer,Marketing,55
hodeeganjf@jalbum.net,Hanson,O'Deegan,Assistant Professor,Training,52
jzamorajg@canalblog.com,Joycelin,Zamora,Senior Sales Associate,Human Resources,45
rbriggdalejh@cdbaby.com,Redd,Briggdale,Assistant Media Planner,Sales,100
llownieji@surveymonkey.com,Lanna,Lownie,Project Manager,Research and Development,7
rcalejj@gravatar.com,Ruperta,Cale,Administrative Assistant III,Services,24
gelsleyjk@xinhuanet.com,Gerhardt,Elsley,Environmental Specialist,Research and Development,9
fsantinojl@berkeley.edu,Fan,Santino,VP Accounting,Support,54
acreedlandjm@last.fm,Amalita,Creedland,Automation Specialist I,Services,39
khawtryjn@mashable.com,Kassia,Hawtry,Business Systems Development Analyst,Research and Development,59
awarboyjo@smh.com.au,Allyson,Warboy,Electrical Engineer,Sales,47
wsoigouxjp@freewebs.com,Woodie,Soigoux,Accounting Assistant III,Legal,61
tbeatonjq@zdnet.com,Thane,Beaton,Developer II,Sales,3
btrotterjr@harvard.edu,Bathsheba,Trotter,Nurse Practicioner,Research and Development,12
mszanthojs@symantec.com,Marne,Szantho,Assistant Manager,Legal,11
lbrumheadjt@timesonline.co.uk,Loralie,Brumhead,Software Consultant,Business Development,87
nkubesju@blinklist.com,Netti,Kubes,Actuary,Research and Development,34
pellesmerejv@macromedia.com,Pierrette,Ellesmere,Registered Nurse,Training,21
movenjw@army.mil,Merrilee,Oven,Administrative Assistant II,Research and Development,24
mverteyjx@oakley.com,Matthias,Vertey,Human Resources Assistant II,Sales,30
dlorantjy@pinterest.com,Dierdre,Lorant,Systems Administrator I,Training,70
kdormanjz@google.es,Karlens,Dorman,Statistician I,Research and Development,12
edrohanek0@uol.com.br,Elroy,Drohane,Account Representative III,Accounting,98
idawtonk1@meetup.com,Inessa,Dawton,Marketing Assistant,Human Resources,18
gbeveredgek2@senate.gov,Grier,Beveredge,Media Manager I,Legal,39
lrosenthalerk3@nhs.uk,Letizia,Rosenthaler,VP Quality Control,Engineering,33
lbarneyk4@comcast.net,Luella,Barney,Technical Writer,Training,5
jsergeantk5@diigo.com,Joel,Sergeant,Biostatistician III,Sales,47
dlacek6@lycos.com,Dino,Lace,Assistant Professor,Research and Development,100
sstolleryk7@w3.org,Shanie,Stollery,Nurse Practicioner,Training,77
eblatcherk8@ocn.ne.jp,Ewell,Blatcher,Research Associate,Legal,63
hedelerk9@wix.com,Hermione,Edeler,Health Coach I,Legal,28
eosullivanka@fc2.com,Ervin,O'Sullivan,Accountant II,Legal,96
shoffnerkb@delicious.com,Sherlock,Hoffner,Sales Representative,Services,94
bcahankc@ucoz.ru,Becka,Cahan,Tax Accountant,Sales,22
rcrumkd@creativecommons.org,Roseanne,Crum,Clinical Specialist,Accounting,44
dwhittenburyke@nature.com,Daniel,Whittenbury,Compensation Analyst,Engineering,58
mdenykf@state.tx.us,Mariejeanne,Deny,Mechanical Systems Engineer,Services,82
apetrollikg@mashable.com,Anastassia,Petrolli,Senior Editor,Sales,60
tstallworthykh@vkontakte.ru,Tiffani,Stallworthy,Financial Advisor,Legal,80
wosmanki@omniture.com,Whitney,Osman,Software Test Engineer II,Engineering,24
valdamkj@google.fr,Violante,Aldam,Legal Assistant,Accounting,8
akissackkk@dell.com,Allegra,Kissack,Programmer Analyst IV,Human Resources,4
dcurlingkl@gizmodo.com,Dixie,Curling,Executive Secretary,Engineering,82
okinchleakm@java.com,Orin,Kinchlea,Software Engineer IV,Engineering,44
nrixkn@house.gov,Noelani,Rix,Dental Hygienist,Legal,8
agardko@reference.com,Ahmad,Gard,VP Product Management,Services,65
ffarrallkp@eepurl.com,Frayda,Farrall,Community Outreach Specialist,Services,15
vbeesleykq@zdnet.com,Vonnie,Beesley,General Manager,Support,1
jdavionkr@opensource.org,Jonathon,Davion,Nuclear Power Engineer,Legal,87
arhodefks@redcross.org,Ashton,Rhodef,Help Desk Technician,Accounting,33
wpendleberrykt@sourceforge.net,Wilden,Pendleberry,Legal Assistant,Business Development,32
sswitsurku@facebook.com,Sanders,Switsur,Account Executive,Research and Development,43
rdingwallkv@accuweather.com,Riki,Dingwall,Financial Analyst,Support,98
dliddonkw@princeton.edu,Darrick,Liddon,Product Engineer,Services,40
gvinkerkx@admin.ch,Gabriello,Vinker,Human Resources Assistant III,Human Resources,17
tisenorky@tinyurl.com,Tab,Isenor,Account Executive,Marketing,85
okuhnhardtkz@scribd.com,Oliver,Kuhnhardt,Web Developer III,Sales,68
rcorkel0@mapquest.com,Rance,Corke,Recruiter,Marketing,31
nlacrocel1@yale.edu,Noella,La Croce,Structural Analysis Engineer,Engineering,44
nhaackerl2@skyrock.com,Noak,Haacker,Help Desk Technician,Product Management,86
mthodyl3@spiegel.de,Marie-jeanne,Thody,GIS Technical Architect,Accounting,11
oporttl4@blogspot.com,Otto,Portt,Help Desk Operator,Support,42
dgiuronil5@mozilla.com,Dulcie,Giuroni,Senior Editor,Training,40
kouryl6@yelp.com,Kyrstin,Oury,GIS Technical Architect,Human Resources,54
ghawlerl7@comcast.net,Gwyneth,Hawler,Account Coordinator,Research and Development,28
kleipeltl8@telegraph.co.uk,Kate,Leipelt,Help Desk Technician,Support,82
gdefilippisl9@washingtonpost.com,Graig,De Filippis,Operator,Human Resources,33
acasarolila@xinhuanet.com,Alan,Casaroli,Senior Developer,Human Resources,1
jbedminsterlb@auda.org.au,Janine,Bedminster,Registered Nurse,Marketing,19
nblemingslc@nih.gov,Nona,Blemings,Teacher,Support,40
epaddockld@smugmug.com,Ethelred,Paddock,Web Designer III,Human Resources,41
nmatignonle@shop-pro.jp,Nicola,Matignon,Quality Control Specialist,Support,52
vchaddlf@myspace.com,Veda,Chadd,Research Assistant I,Accounting,36
wscoullerlg@businessinsider.com,Wyn,Scouller,Paralegal,Accounting,31
kranscomelh@example.com,Kleon,Ranscome,Quality Control Specialist,Sales,17
llardierli@umn.edu,Leeland,Lardier,VP Sales,Legal,82
omacloughlinlj@walmart.com,Orville,MacLoughlin,Help Desk Technician,Marketing,45
mlehrlk@elpais.com,Moina,Lehr,Nurse,Legal,23
esumshonll@yolasite.com,Elvyn,Sumshon,Administrative Officer,Services,81
dduggonlm@topsy.com,Diandra,Duggon,Physical Therapy Assistant,Marketing,52
jsutheranln@chronoengine.com,Janean,Sutheran,Nurse,Accounting,50
lkarlolaklo@princeton.edu,Laurette,Karlolak,Registered Nurse,Training,78
crapierlp@answers.com,Cleveland,Rapier,Executive Secretary,Business Development,37
gcawkwelllq@cdc.gov,Gardner,Cawkwell,Developer III,Legal,59
bbellylr@indiatimes.com,Bethanne,Belly,Programmer I,Accounting,38
gaimels@ca.gov,Granthem,Aime,Senior Developer,Sales,94
gbrameltlt@networksolutions.com,Giulio,Bramelt,Recruiting Manager,Accounting,79
scrennelllu@sciencedirect.com,Shannon,Crennell,Web Developer IV,Training,64
nbakeseflv@bbb.org,Nan,Bakesef,VP Quality Control,Training,71
mhowkinslw@opensource.org,Mirelle,Howkins,Marketing Manager,Sales,3
lbonifantlx@timesonline.co.uk,Lonnard,Bonifant,Operator,Training,14
tcattonly@google.com,Trula,Catton,Design Engineer,Legal,76
vkrochmannlz@ucoz.ru,Verge,Krochmann,Community Outreach Specialist,Human Resources,46
rchestnutm0@mashable.com,Rickie,Chestnut,Automation Specialist II,Training,39
wabendrothm1@ihg.com,Wade,Abendroth,Research Nurse,Research and Development,62
jstyanm2@360.cn,Jere,Styan,Internal Auditor,Business Development,31
mrainonm3@pbs.org,Marc,Rainon,Help Desk Technician,Research and Development,37
sstellinom4@cmu.edu,Sergeant,Stellino,Analyst Programmer,Accounting,22
mhayesmanm5@seesaa.net,Marlyn,Hayesman,Operator,Accounting,69
lblackborom6@pcworld.com,Lorrie,Blackboro,Sales Associate,Engineering,74
cfaransm7@umich.edu,Chrissie,Farans,Recruiting Manager,Business Development,60
clewerm8@reuters.com,Chelsy,Lewer,Research Assistant IV,Support,35
aszreterm9@dot.gov,Abigail,Szreter,Quality Engineer,Sales,8
npendrighma@google.it,Noe,Pendrigh,Nuclear Power Engineer,Sales,57
olangtonmb@guardian.co.uk,Oralie,Langton,Administrative Officer,Engineering,46
cetuckmc@mac.com,Caron,Etuck,Analyst Programmer,Business Development,5
aklemencicmd@de.vu,Ardys,Klemencic,Actuary,Research and Development,19
rglennyme@hatena.ne.jp,Rodi,Glenny,Associate Professor,Product Management,9
lpettusmf@unesco.org,Lockwood,Pettus,Staff Scientist,Human Resources,13
acamellmg@google.com,Anselma,Camell,Sales Associate,Product Management,7
mkleeweinmh@blog.com,Mayne,Kleewein,Editor,Business Development,55
crosimi@aol.com,Cristin,Rosi,Staff Scientist,Business Development,29
gdevinnmj@hubpages.com,Gipsy,Devinn,Editor,Engineering,64
istruismk@google.com.br,Ignace,Struis,Software Engineer II,Research and Development,78
odaborneml@ted.com,Odessa,Daborne,Media Manager II,Training,15
spenhearowmm@dyndns.org,Stormi,Penhearow,Chemical Engineer,Research and Development,98
cwaitmn@columbia.edu,Cody,Wait,Software Engineer IV,Business Development,73
mbroseniusmo@nhs.uk,Morgun,Brosenius,Analyst Programmer,Services,77
vleapmp@disqus.com,Valli,Leap,Professor,Business Development,55
asausmanmq@chron.com,Ami,Sausman,Quality Control Specialist,Marketing,25
inewbornmr@stumbleupon.com,Inger,Newborn,VP Marketing,Accounting,23
jmoulsterms@cnet.com,Jose,Moulster,Nuclear Power Engineer,Accounting,96
zconradsenmt@printfriendly.com,Zane,Conradsen,Junior Executive,Human Resources,32
mculwenmu@usgs.gov,Miof mela,Culwen,Electrical Engineer,Product Management,93
hlanchberymv@dailymotion.com,Harriet,Lanchbery,Account Coordinator,Accounting,14
gmarishenkomw@homestead.com,Gonzales,Marishenko,Technical Writer,Business Development,62
csimamx@wikia.com,Chelsey,Sima,Registered Nurse,Support,48
rodonohoemy@huffingtonpost.com,Rosene,O' Donohoe,Biostatistician I,Legal,67
sluchettimz@businesswire.com,Sauncho,Luchetti,Senior Cost Accountant,Accounting,32
rslogroven0@jugem.jp,Ryon,Slogrove,Legal Assistant,Research and Development,94
amontn1@list-manage.com,Arther,Mont,VP Sales,Training,76
mstockportn2@google.com,Meredith,Stockport,Data Coordiator,Training,35
amcnuffn3@lulu.com,Alasdair,McNuff,Database Administrator II,Research and Development,11
kcluttenn4@mapquest.com,Katya,Clutten,Recruiter,Training,21
dmacchaelln5@soup.io,Dall,MacChaell,Community Outreach Specialist,Business Development,50
kmacvaughn6@mysql.com,Kev,MacVaugh,Senior Financial Analyst,Human Resources,38
hsammonsn7@histats.com,Hetty,Sammons,Accountant II,Training,55
rsnowlingn8@boston.com,Rouvin,Snowling,Recruiting Manager,Support,3
mherreman9@weather.com,Mead,Herrema,Account Representative II,Training,64
cclevelyna@mail.ru,Chadd,Clevely,Marketing Manager,Accounting,92
uharmonnb@plala.or.jp,Ulick,Harmon,Research Assistant IV,Support,24
econniamnc@addtoany.com,Erinn,Conniam,Human Resources Manager,Research and Development,72
tcraythornnd@photobucket.com,Tiffy,Craythorn,Chief Design Engineer,Human Resources,33
gbikkerne@ed.gov,Grady,Bikker,Budget/Accounting Analyst IV,Business Development,27
yandrusyaknf@tinyurl.com,Yorgo,Andrusyak,Marketing Manager,Support,22
fdionisng@wiley.com,Franky,Dionis,Assistant Media Planner,Support,66
kdatonnh@php.net,Kelwin,Daton,Recruiter,Engineering,69
bwranklingni@elegantthemes.com,Bevon,Wrankling,Human Resources Assistant III,Marketing,24
emordennj@chron.com,Eldridge,Morden,Marketing Manager,Engineering,40
aposnettenk@bloglovin.com,Addia,Posnette,Senior Financial Analyst,Sales,81
ndelatournl@about.me,Nancey,Delatour,Systems Administrator II,Services,38
sshropsheirnm@nytimes.com,Shirley,Shropsheir,Accounting Assistant II,Research and Development,81
sbedonn@artisteer.com,Shadow,Bedo,Senior Sales Associate,Services,67
tbeardshallno@about.me,Tedmund,Beardshall,Senior Quality Engineer,Legal,54
aduffreenp@acquirethisname.com,Arliene,Duffree,Developer II,Human Resources,41
lwapolnq@technorati.com,Louis,Wapol,Accounting Assistant III,Support,87
hphillimorenr@nhs.uk,Hedwig,Phillimore,Web Designer I,Services,45
bbattanyns@com.com,Bethena,Battany,Accounting Assistant IV,Sales,2
jlettericknt@nba.com,Jens,Letterick,Marketing Assistant,Human Resources,2
ggrandissonnu@fda.gov,Garwin,Grandisson,Quality Control Specialist,Research and Development,51
mloxlynv@livejournal.com,Margaux,Loxly,Actuary,Sales,29
ewillemannw@homestead.com,Eddi,Willeman,Dental Hygienist,Product Management,64
geassomnx@weibo.com,Guido,Eassom,Geologist III,Engineering,48
wsylvaineny@ted.com,Winfield,Sylvaine,Senior Editor,Services,20
smcwhinnz@prlog.org,Sigvard,McWhin,Senior Sales Associate,Training,61
gosborno0@reddit.com,Giacopo,Osborn,Administrative Officer,Marketing,1
lmarkso1@arizona.edu,Lorena,Marks,Account Executive,Services,35
tbedminstero2@myspace.com,Tamar,Bedminster,Graphic Designer,Engineering,80
sifillo3@cargocollective.com,Stoddard,Ifill,Statistician II,Business Development,55
lmacfaulo4@jugem.jp,Linn,MacFaul,Account Coordinator,Legal,2
dstureo5@marriott.com,Dulcy,Sture,Business Systems Development Analyst,Support,31
arycrafto6@comsenz.com,Agnesse,Rycraft,Analyst Programmer,Business Development,90
jmcturlougho7@alexa.com,Joyous,McTurlough,Senior Quality Engineer,Human Resources,16
landriolio8@networkadvertising.org,Leeann,Andrioli,Research Nurse,Training,99
gpoynsero9@about.com,Gussi,Poynser,VP Quality Control,Sales,2
vhuffoa@hostgator.com,Vivyan,Huff,Mechanical Systems Engineer,Human Resources,44
vfrankisob@ow.ly,Vernice,Frankis,Software Consultant,Engineering,51
scockingoc@liveinternet.ru,Sanders,Cocking,VP Marketing,Human Resources,50
ppratchettod@so-net.ne.jp,Pepe,Pratchett,VP Sales,Accounting,38
whaydenoe@bluehost.com,Wilhelmina,Hayden,Desktop Support Technician,Marketing,24
jpoggof@slashdot.org,Jessa,Pogg,Administrative Officer,Engineering,15
eranceog@webnode.com,Euphemia,Rance,Budget/Accounting Analyst I,Accounting,6
ebrownswordoh@quantcast.com,Ezechiel,Brownsword,Nurse Practicioner,Legal,68
ysturrockoi@noaa.gov,York,Sturrock,Cost Accountant,Training,37
lbiaggiolioj@pen.io,Linnie,Biaggioli,Sales Representative,Business Development,86
dnaultyok@delicious.com,Dill,Naulty,Developer III,Human Resources,5
gburnittol@disqus.com,Gunter,Burnitt,Occupational Therapist,Support,47
dgawlerom@eventbrite.com,Donn,Gawler,Actuary,Product Management,94
mbeldhamon@cdc.gov,Marrilee,Beldham,Account Executive,Support,82
dieldenoo@baidu.com,Dare,Ielden,Professor,Legal,6
mscrogginsop@ebay.co.uk,Matthus,Scroggins,Clinical Specialist,Marketing,52
cmacroryoq@usgs.gov,Cobby,MacRory,Software Engineer IV,Sales,74
iviveashor@booking.com,Itch,Viveash,Mechanical Systems Engineer,Business Development,11
utillyeros@ebay.com,Una,Tillyer,Computer Systems Analyst I,Research and Development,89
ckastingot@sina.com.cn,Cortie,Kasting,VP Product Management,Engineering,19
kdunnou@google.co.uk,Kim,Dunn,Media Manager IV,Legal,1
hcattenachov@ycombinator.com,Harrie,Cattenach,Analog Circuit Design manager,Research and Development,21
bwasylkiewiczow@naver.com,Bennie,Wasylkiewicz,Administrative Assistant II,Sales,69
aawdeox@google.fr,Astrid,Awde,Desktop Support Technician,Sales,52
wmacallasteroy@usda.gov,Wylie,MacAllaster,Data Coordiator,Research and Development,29
dcoklyoz@fda.gov,Danny,Cokly,Quality Engineer,Legal,92
scombep0@1und1.de,Serge,Combe,Help Desk Operator,Marketing,96
gleamyp1@tinypic.com,Gilles,Leamy,Nurse Practicioner,Human Resources,72
sgwyerp2@constantcontact.com,Salim,Gwyer,Web Designer III,Business Development,5
rspornerp3@sciencedirect.com,Ravid,Sporner,Human Resources Assistant II,Support,80
loelsp4@auda.org.au,Lora,Oels,Pharmacist,Research and Development,37
astendallp5@google.pl,Addi,Stendall,Food Chemist,Marketing,33
bscrivensp6@github.io,Bobbie,Scrivens,Project Manager,Marketing,51
ccardenosap7@arizona.edu,Cyndi,Cardenosa,Computer Systems Analyst III,Support,60
msurgenerp8@rakuten.co.jp,Mia,Surgener,Registered Nurse,Services,43
rmccrackemp9@oakley.com,Rafa,McCrackem,Nurse Practicioner,Sales,6
bandriolettipa@rambler.ru,Brockie,Andrioletti,Teacher,Support,11
dcollypb@w3.org,Deena,Colly,Junior Executive,Engineering,18
mmacdowalpc@histats.com,Milka,MacDowal,Environmental Tech,Legal,30
jbartakpd@goo.gl,Jonathan,Bartak,Environmental Specialist,Sales,98
jespinope@merriam-webster.com,Janaye,Espino,Recruiter,Marketing,37
mpashenkovpf@phoca.cz,Mickey,Pashenkov,Health Coach III,Training,71
dhuntarpg@nps.gov,Darrell,Huntar,General Manager,Human Resources,43
dtatemph@bizjournals.com,Dillon,Tatem,Human Resources Assistant IV,Research and Development,72
jhookepi@list-manage.com,Josh,Hooke,Operator,Marketing,60
kbartoszinskipj@sbwire.com,Kirsten,Bartoszinski,Administrative Assistant III,Marketing,30
tmateevpk@bbc.co.uk,Taite,Mateev,Cost Accountant,Services,86
bduignanpl@arstechnica.com,Benedikta,Duignan,Research Nurse,Marketing,36
zconnoldpm@zdnet.com,Zechariah,Connold,Media Manager I,Sales,51
aporkisspn@europa.eu,Alejandra,Porkiss,Staff Scientist,Engineering,84
lshinnerpo@nasa.gov,Lorie,Shinner,Staff Scientist,Engineering,42
ajacobipp@hud.gov,Aliza,Jacobi,Account Representative I,Support,42
hbaisonpq@utexas.edu,Hakim,Baison,Nurse Practicioner,Business Development,82
mrudrampr@jugem.jp,Maynard,Rudram,VP Marketing,Business Development,89
ldemkowiczps@storify.com,Lurlene,Demkowicz,Analyst Programmer,Research and Development,90
dvanmerwept@sciencedaily.com,Deena,Van Merwe,Sales Representative,Engineering,53
rwetherburnpu@angelfire.com,Rae,Wetherburn,Safety Technician I,Training,62
sgerranpv@nih.gov,Sharity,Gerran,Civil Engineer,Research and Development,78
hpoolypw@pinterest.com,Heloise,Pooly,Data Coordiator,Human Resources,33
ahelkspx@clickbank.net,Ashlin,Helks,Staff Scientist,Engineering,65
bedgellerpy@xinhuanet.com,Becky,Edgeller,Librarian,Business Development,58
btredinnickpz@cdbaby.com,Barbra,Tredinnick,Software Engineer I,Marketing,53
ydelbergueq0@xing.com,Yolane,Delbergue,Sales Representative,Engineering,26
dkestianq1@usda.gov,Dyanne,Kestian,Tax Accountant,Legal,2
rdearloveq2@constantcontact.com,Ripley,Dearlove,Staff Accountant II,Services,81
bwhitnellq3@comsenz.com,Brittany,Whitnell,VP Marketing,Marketing,4
wklempsq4@army.mil,Wilton,Klemps,Programmer IV,Legal,38
bclimsonq5@mapy.cz,Beatriz,Climson,Database Administrator IV,Services,60
sboissierq6@stumbleupon.com,Susann,Boissier,Environmental Specialist,Human Resources,71
lcolleerq7@phpbb.com,Lavinia,Colleer,Health Coach III,Engineering,98
cgravattq8@myspace.com,Clare,Gravatt,Senior Developer,Business Development,67
ageanyq9@hugedomains.com,Alisun,Geany,Chief Design Engineer,Research and Development,8
ksimonettqa@timesonline.co.uk,Kristina,Simonett,Software Engineer I,Engineering,71
cengallqb@japanpost.jp,Cammie,Engall,Teacher,Marketing,48
izywickiqc@vimeo.com,Irvin,Zywicki,Software Test Engineer III,Legal,68
amomeryqd@foxnews.com,Alane,Momery,Environmental Tech,Services,99
daldhouseqe@weather.com,Dore,Aldhouse,Senior Cost Accountant,Marketing,65
earmatidgeqf@goodreads.com,Eduino,Armatidge,Desktop Support Technician,Product Management,7
ksesonsqg@spotify.com,Kermit,Sesons,Senior Financial Analyst,Accounting,43
falansqh@berkeley.edu,Faustina,Alans,Project Manager,Engineering,71
cbednellqi@ft.com,Cordey,Bednell,Paralegal,Accounting,62
fhavvockqj@samsung.com,Fay,Havvock,Assistant Manager,Legal,16
gwrightonqk@bing.com,Gan,Wrighton,Design Engineer,Human Resources,86
ecrankql@mozilla.org,Erhart,Crank,Staff Accountant III,Human Resources,37
cbastideqm@go.com,Cal,Bastide,Administrative Officer,Sales,1
sashplantqn@multiply.com,Seward,Ashplant,Automation Specialist II,Human Resources,46
rkopfqo@netvibes.com,Reed,Kopf,Operator,Sales,94
gguiseqp@nasa.gov,Gerta,Guise,Statistician I,Training,32
kwhysallqq@imageshack.us,Karin,Whysall,Programmer Analyst II,Accounting,51
rdrayseyqr@wired.com,Ruddie,Draysey,Accountant IV,Product Management,67
ghammondqs@webeden.co.uk,Guinna,Hammond,Senior Quality Engineer,Research and Development,87
ashorterqt@thetimes.co.uk,Alexio,Shorter,Developer II,Research and Development,47
mmariaqu@imgur.com,Marietta,Maria,Developer IV,Human Resources,56
jewbachqv@earthlink.net,Jamil,Ewbach,Tax Accountant,Sales,81
llewknorqw@histats.com,Leland,Lewknor,Sales Representative,Human Resources,62
mbollettiqx@businesswire.com,Moore,Bolletti,Teacher,Legal,3
grandalstonqy@irs.gov,Gayler,Randalston,Project Manager,Legal,13
jjerransqz@networksolutions.com,Jeane,Jerrans,Teacher,Training,83
ctolworthier0@squidoo.com,Cami,Tolworthie,Assistant Media Planner,Marketing,69
spaddickr1@boston.com,Shermy,Paddick,Electrical Engineer,Human Resources,8
ccrissilr2@usda.gov,Chicky,Crissil,Paralegal,Product Management,70
tgouleyr3@usgs.gov,Tedie,Gouley,VP Quality Control,Sales,88
hamphlettr4@webnode.com,Hurleigh,Amphlett,Research Associate,Services,17
jartrickr5@comsenz.com,Jeramey,Artrick,Mechanical Systems Engineer,Research and Development,28
eoakenfallr6@answers.com,Eziechiele,Oakenfall,Staff Accountant I,Human Resources,33
sfliggr7@feedburner.com,Sigrid,Fligg,Pharmacist,Engineering,30
tshobbrookr8@google.ru,Timi,Shobbrook,Teacher,Accounting,65
byonger9@friendfeed.com,Bernie,Yonge,Administrative Assistant II,Accounting,55
ycolquitera@umich.edu,Yance,Colquite,Analyst Programmer,Sales,86
tbaylisrb@china.com.cn,Tasia,Baylis,Paralegal,Accounting,15
jchancellorrc@kickstarter.com,Jennette,Chancellor,Associate Professor,Business Development,9
cmccrackanrd@slideshare.net,Claudio,McCrackan,Associate Professor,Marketing,36
bdanilowiczre@businesswire.com,Bryn,Danilowicz,Account Coordinator,Training,43
gtrevancerf@usgs.gov,Gayle,Trevance,Information Systems Manager,Accounting,22
hbenzarg@abc.net.au,Hynda,Benza,Analog Circuit Design manager,Engineering,26
bhopferrh@irs.gov,Bessy,Hopfer,Web Developer II,Product Management,36
jfeigeri@noaa.gov,Jeno,Feige,Programmer Analyst II,Research and Development,94
fdamprj@mapy.cz,Fabiano,Damp,VP Product Management,Legal,5
smartschikrk@spotify.com,Shauna,Martschik,Information Systems Manager,Legal,11
rboikrl@last.fm,Rosana,Boik,Nurse,Engineering,75
aswainerm@ocn.ne.jp,Andrea,Swaine,Marketing Manager,Accounting,76
hlunnrn@addthis.com,Herculie,Lunn,Sales Representative,Business Development,88
bbealro@github.com,Bale,Beal,Food Chemist,Legal,34
kworboyrp@senate.gov,Kermit,Worboy,Speech Pathologist,Research and Development,92
ltchirrq@sitemeter.com,Lane,Tchir,Professor,Legal,90
dheadanrr@geocities.jp,Deeann,Headan,Accounting Assistant III,Human Resources,62
